Metric,Value
D10_um,32.534838375099426
D50_um,511.12470051354916
D90_um,781.022203208224
Mode_um,30.104792172385494
StdDev_um,304.4040792145303
Mean_um,419.92198455190226
Min_um,15.321554638513094
Max_um,1200.0
